device,num_tokens,in_features,num_classes,dtype,mode,batch_chunk_size,acc_policy,time_ms,memory_peak_bytes,error
NVIDIA_H100_80GB_HBM3,4096,32768,16384,bfloat16,reference,0,compact,18.523040771484375,3019932672,
NVIDIA_H100_80GB_HBM3,4096,32768,16384,bfloat16,chunked,64,compact,125.57129669189453,2736871424,
NVIDIA_H100_80GB_HBM3,4096,32768,16384,bfloat16,chunked,128,compact,64.87104034423828,2755745792,
NVIDIA_H100_80GB_HBM3,4096,32768,16384,bfloat16,chunked,256,compact,35.41446304321289,2793495552,
NVIDIA_H100_80GB_HBM3,4096,32768,16384,bfloat16,chunked,512,compact,26.958240509033203,2868995584,
NVIDIA_H100_80GB_HBM3,4096,32768,16384,bfloat16,chunked,1024,compact,23.87107276916504,3019995648,
NVIDIA_H100_80GB_HBM3,4096,32768,16384,bfloat16,chunked,2048,compact,22.64703941345215,3321995776,
NVIDIA_H100_80GB_HBM3,4096,32768,16384,bfloat16,chunked,4096,compact,22.351455688476562,3925996032,
NVIDIA_H100_80GB_HBM3,8192,32768,16384,bfloat16,reference,0,compact,37.834014892578125,3825271808,
NVIDIA_H100_80GB_HBM3,8192,32768,16384,bfloat16,chunked,64,compact,250.4490509033203,3273828352,
NVIDIA_H100_80GB_HBM3,8192,32768,16384,bfloat16,chunked,128,compact,128.34991455078125,3292702720,
NVIDIA_H100_80GB_HBM3,8192,32768,16384,bfloat16,chunked,256,compact,69.06739044189453,3330452480,
NVIDIA_H100_80GB_HBM3,8192,32768,16384,bfloat16,chunked,512,compact,52.28144073486328,3405952512,
NVIDIA_H100_80GB_HBM3,8192,32768,16384,bfloat16,chunked,1024,compact,46.557376861572266,3556952576,
NVIDIA_H100_80GB_HBM3,8192,32768,16384,bfloat16,chunked,2048,compact,43.89152145385742,3858952704,
NVIDIA_H100_80GB_HBM3,8192,32768,16384,bfloat16,chunked,4096,compact,43.25619125366211,4462952960,
NVIDIA_H100_80GB_HBM3,8192,32768,16384,bfloat16,chunked,8192,compact,42.9600944519043,5670953472,
NVIDIA_H100_80GB_HBM3,16384,32768,16384,bfloat16,reference,0,compact,71.77366638183594,5435950080,
NVIDIA_H100_80GB_HBM3,16384,32768,16384,bfloat16,chunked,64,compact,497.07745361328125,4347742208,
NVIDIA_H100_80GB_HBM3,16384,32768,16384,bfloat16,chunked,128,compact,255.2764434814453,4366616576,
NVIDIA_H100_80GB_HBM3,16384,32768,16384,bfloat16,chunked,256,compact,136.86483764648438,4404366336,
NVIDIA_H100_80GB_HBM3,16384,32768,16384,bfloat16,chunked,512,compact,104.44416046142578,4479866368,
NVIDIA_H100_80GB_HBM3,16384,32768,16384,bfloat16,chunked,1024,compact,93.03593444824219,4630866432,
NVIDIA_H100_80GB_HBM3,16384,32768,16384,bfloat16,chunked,2048,compact,90.09113311767578,4932866560,
NVIDIA_H100_80GB_HBM3,16384,32768,16384,bfloat16,chunked,4096,compact,87.57084655761719,5536866816,
NVIDIA_H100_80GB_HBM3,16384,32768,16384,bfloat16,chunked,8192,compact,87.63021087646484,6744867328,
NVIDIA_H100_80GB_HBM3,16384,32768,16384,bfloat16,chunked,16384,compact,86.15523529052734,9160868352,
NVIDIA_H100_80GB_HBM3,8192,16384,16384,bfloat16,reference,0,compact,18.2674560546875,2214659072,
NVIDIA_H100_80GB_HBM3,8192,16384,16384,bfloat16,chunked,64,compact,131.0498504638672,1656924160,
NVIDIA_H100_80GB_HBM3,8192,16384,16384,bfloat16,chunked,128,compact,67.48390197753906,1669507072,
NVIDIA_H100_80GB_HBM3,8192,16384,16384,bfloat16,chunked,256,compact,36.62351989746094,1694673920,
NVIDIA_H100_80GB_HBM3,8192,16384,16384,bfloat16,chunked,512,compact,27.285375595092773,1745008128,
NVIDIA_H100_80GB_HBM3,8192,16384,16384,bfloat16,chunked,1024,compact,24.451488494873047,1845676544,
NVIDIA_H100_80GB_HBM3,8192,16384,16384,bfloat16,chunked,2048,compact,23.090463638305664,2047013376,
NVIDIA_H100_80GB_HBM3,8192,16384,16384,bfloat16,chunked,4096,compact,22.767168045043945,2449687040,
NVIDIA_H100_80GB_HBM3,8192,16384,16384,bfloat16,chunked,8192,compact,22.38572883605957,3255034368,
NVIDIA_H100_80GB_HBM3,8192,65536,16384,bfloat16,reference,0,compact,72.50688171386719,7046497280,
NVIDIA_H100_80GB_HBM3,8192,65536,16384,bfloat16,chunked,64,compact,483.3701171875,6516025344,
NVIDIA_H100_80GB_HBM3,8192,65536,16384,bfloat16,chunked,128,compact,251.72207641601562,6555871232,
NVIDIA_H100_80GB_HBM3,8192,65536,16384,bfloat16,chunked,256,compact,135.23651123046875,6635564032,
NVIDIA_H100_80GB_HBM3,8192,65536,16384,bfloat16,chunked,512,compact,101.02559661865234,6794950144,
NVIDIA_H100_80GB_HBM3,8192,65536,16384,bfloat16,chunked,1024,compact,90.46665954589844,7113722368,
NVIDIA_H100_80GB_HBM3,8192,65536,16384,bfloat16,chunked,2048,compact,88.91725158691406,7751266816,
NVIDIA_H100_80GB_HBM3,8192,65536,16384,bfloat16,chunked,4096,compact,87.70838165283203,9026355712,
NVIDIA_H100_80GB_HBM3,8192,65536,16384,bfloat16,chunked,8192,compact,87.36144256591797,10502791680,
NVIDIA_H100_80GB_HBM3,8192,32768,8192,bfloat16,reference,0,compact,18.181055068969727,2483094528,
NVIDIA_H100_80GB_HBM3,8192,32768,8192,bfloat16,chunked,64,compact,131.71881103515625,2201135104,
NVIDIA_H100_80GB_HBM3,8192,32768,8192,bfloat16,chunked,128,compact,69.83074951171875,2221058048,
NVIDIA_H100_80GB_HBM3,8192,32768,8192,bfloat16,chunked,256,compact,38.447425842285156,2260904960,
NVIDIA_H100_80GB_HBM3,8192,32768,8192,bfloat16,chunked,512,compact,28.41753578186035,2340599296,
NVIDIA_H100_80GB_HBM3,8192,32768,8192,bfloat16,chunked,1024,compact,25.238624572753906,2499987968,
NVIDIA_H100_80GB_HBM3,8192,32768,8192,bfloat16,chunked,2048,compact,24.56572723388672,2818765312,
NVIDIA_H100_80GB_HBM3,8192,32768,8192,bfloat16,chunked,4096,compact,23.594623565673828,3456320000,
NVIDIA_H100_80GB_HBM3,8192,32768,8192,bfloat16,chunked,8192,compact,24.041791915893555,4194558464,
NVIDIA_H100_80GB_HBM3,8192,32768,32000,bfloat16,reference,0,compact,70.68806457519531,6383797248,
NVIDIA_H100_80GB_HBM3,8192,32768,32000,bfloat16,chunked,64,compact,473.2497253417969,5326645248,
NVIDIA_H100_80GB_HBM3,8192,32768,32000,bfloat16,chunked,128,compact,253.58277893066406,5351516160,
NVIDIA_H100_80GB_HBM3,8192,32768,32000,bfloat16,chunked,256,compact,134.61354064941406,5401259008,
NVIDIA_H100_80GB_HBM3,8192,32768,32000,bfloat16,chunked,512,compact,99.62627410888672,5500745216,
NVIDIA_H100_80GB_HBM3,8192,32768,32000,bfloat16,chunked,1024,compact,88.87113952636719,5699717632,
NVIDIA_H100_80GB_HBM3,8192,32768,32000,bfloat16,chunked,2048,compact,86.52633666992188,6097662464,
NVIDIA_H100_80GB_HBM3,8192,32768,32000,bfloat16,chunked,4096,compact,82.63516998291016,6893552128,
NVIDIA_H100_80GB_HBM3,8192,32768,32000,bfloat16,chunked,8192,compact,85.00857543945312,8485331456,
